CustomerID,CustomerName,Age,Gender,City,RegistrationDate
1001,Simran,34,Male,Delhi,2022-01-19
1002,Vikram,27,Female,Delhi,2025-09-17
1003,Simran,34,Female,Mumbai,2023-08-07
1004,Aditya,37,Female,Kolkata,2023-04-01
1005,Simran,41,Male,Mumbai,2024-08-14
1006,Arjun,22,Female,Bengaluru,2025-02-06
1007,Anjali,51,Male,Delhi,2025-07-15
1008,Vikram,23,Male,Hyderabad,2023-03-21
1009,Aman,19,Male,Pune,2025-06-17
1010,Meera,30,Male,Hyderabad,2025-08-17
1011,Rahul,60,Female,Pune,2023-08-25
1012,Neha,60,Male,Delhi,2022-04-13
1013,Priya,28,Male,Delhi,2024-09-14
1014,Anjali,40,Female,Delhi,2025-06-27
1015,Neha,33,Female,Mumbai,2023-06-04
1016,Priya,48,Male,Kolkata,2025-03-22
1017,Meera,28,Female,Pune,2024-05-08
1018,Sneha,33,Male,Kolkata,2022-06-23
1019,Sneha,25,Male,Mumbai,2025-09-28
1020,Pooja,21,Male,Unknown,2024-10-01
1021,Neha,57,Male,Chennai,2023-03-07
1022,Sneha,21,Female,Hyderabad,2023-12-28
1023,Arjun,42,Male,Hyderabad,2024-04-29
1024,Vikram,20,Female,Bengaluru,2025-09-09
1025,Priya,49,Female,Ahmedabad,2024-09-16
1026,Pooja,20,Female,Mumbai,2023-10-01
1027,Simran,44,Female,Pune,2023-02-24
1028,Priya,46,Male,Chennai,2023-08-17
1029,Pooja,49,Female,Chennai,2023-04-30
1030,Meera,36,Male,Ahmedabad,2023-02-16
1031,Neha,38,Female,Kolkata,2024-07-24
1032,Meera,22,Female,Ahmedabad,2025-01-12
1033,Vikram,35,Male,Ahmedabad,2025-02-10
1034,Vikram,45,Male,Ahmedabad,2022-11-28
1035,Anjali,59,Male,Hyderabad,2025-11-02
1036,Meera,39,Female,Mumbai,2023-10-17
1037,Aditya,38,Female,Bengaluru,2022-02-10
1038,Simran,23,Male,Mumbai,2024-08-16
1039,Karan,18,Male,Kolkata,2022-04-15
1040,Meera,22,Male,Delhi,2022-07-21
1041,Anjali,58,Male,Ahmedabad,2023-03-26
1042,Rohit,29,Female,Mumbai,2025-07-13
1043,Arjun,43,Male,Kolkata,2024-06-28
1044,Priya,51,Male,Delhi,2022-07-29
1045,Vikram,31,Male,Delhi,2023-07-17
1046,Rohit,43,Male,Ahmedabad,2025-02-15
1047,Anjali,44,Female,Bengaluru,2023-12-14
1048,Pooja,26,Male,Pune,2025-11-01
1049,Karan,43,Female,Hyderabad,2024-02-10
1050,Simran,39,Male,Mumbai,2025-01-12
1051,Simran,47,Male,Delhi,2023-03-30
1052,Simran,60,Female,Mumbai,2023-10-29
1053,Arjun,34,Male,Pune,2023-09-21
1054,Karan,43,Female,Hyderabad,2023-01-22
1055,Arjun,53,Female,Pune,2025-10-05
1056,Vikram,18,Male,Hyderabad,2022-10-23
1057,Arjun,25,Female,Chennai,2022-09-15
1058,Rahul,52,Female,Hyderabad,2025-01-09
1059,Karan,32,Female,Ahmedabad,2022-09-25
1060,Aditya,39,Female,Bengaluru,2023-02-23
1061,Karan,31,Female,Pune,2022-08-23
1062,Anjali,43,Female,Delhi,2025-08-27
1063,Rahul,45,Female,Ahmedabad,2024-09-12
1064,Simran,40,Female,Chennai,2025-10-12
1065,Anjali,31,Male,Bengaluru,2025-05-21
1066,Anjali,41,Male,Mumbai,2023-07-28
1067,Vikram,19,Female,Ahmedabad,2022-02-18
1068,Amit,43,Male,Pune,2025-02-24
1069,Aman,31,Female,Kolkata,2022-08-11
1070,Rahul,24,Female,Kolkata,2024-07-09
1071,Anjali,20,Male,Delhi,2025-07-26
1072,Aman,40,Female,Hyderabad,2025-12-02
1073,Aman,60,Female,Unknown,2025-08-10
1074,Rahul,35,Female,Kolkata,2022-10-04
1075,Amit,55,Female,Mumbai,2025-02-04
1076,Rohit,52,Male,Chennai,2023-02-24
1077,Pooja,32,Female,Chennai,2023-09-03
1078,Aditya,42,Female,Pune,2025-12-23
1079,Pooja,54,Female,Chennai,2023-01-10
1080,Karan,45,Male,Pune,2022-03-14
1081,Simran,27,Female,Ahmedabad,2024-11-19
1082,Aditya,56,Male,Pune,2025-04-26
1083,Karan,34,Male,Ahmedabad,2025-10-19
1084,Anjali,56,Female,Pune,2022-07-14
1085,Simran,39,Female,Kolkata,2025-03-25
1086,Priya,43,Male,Kolkata,2025-04-10
1087,Rahul,42,Female,Hyderabad,2024-04-26
1088,Aditya,34,Male,Ahmedabad,2024-11-30
1089,Aditya,30,Male,Bengaluru,2024-12-22
1090,Meera,37,Female,Ahmedabad,2022-01-23
1091,Anjali,42,Female,Pune,2022-12-26
1092,Rohit,21,Male,Pune,2025-01-03
1093,Aman,27,Male,Bengaluru,2023-07-14
1094,Simran,20,Male,Delhi,2023-11-03
1095,Anjali,58,Male,Pune,2025-02-15
1096,Sneha,35,Female,Hyderabad,2025-11-04
1097,Amit,53,Female,Chennai,2023-11-10
1098,Aman,39,Female,Chennai,2025-08-06
1099,Rahul,51,Female,Mumbai,2023-03-16
1100,Aman,25,Female,Mumbai,2024-07-21
1101,Rohit,57,Male,Chennai,2022-01-07
1102,Vikram,36,Female,Chennai,2025-05-04
1103,Meera,59,Female,Kolkata,2023-02-25
1104,Aman,58,Female,Hyderabad,2024-04-12
1105,Rahul,54,Female,Bengaluru,2025-05-01
1106,Rohit,23,Female,Mumbai,2023-07-13
1107,Pooja,43,Male,Kolkata,2025-03-17
1108,Aditya,51,Male,Unknown,2025-05-10
1109,Vikram,23,Male,Bengaluru,2024-07-02
1110,Meera,54,Female,Kolkata,2025-12-13
1111,Aditya,50,Male,Ahmedabad,2025-12-21
1112,Amit,39,Male,Hyderabad,2024-10-03
1113,Karan,38,Female,Chennai,2022-05-06
1114,Vikram,23,Female,Pune,2023-01-30
1115,Vikram,23,Female,Bengaluru,2024-03-27
1116,Pooja,21,Male,Chennai,2024-05-30
1117,Pooja,47,Male,Chennai,2023-07-30
1118,Simran,28,Female,Delhi,2022-11-21
1119,Arjun,47,Female,Ahmedabad,2025-11-16
1120,Aman,48,Male,Bengaluru,2024-07-18
1121,Vikram,41,Male,Kolkata,2025-05-12
1122,Aditya,26,Female,Pune,2024-04-12
1123,Rahul,20,Female,Bengaluru,2024-11-20
1124,Neha,48,Male,Kolkata,2025-11-12
1125,Arjun,57,Female,Chennai,2025-12-28
1126,Neha,54,Male,Pune,2024-04-16
1127,Meera,53,Male,Kolkata,2024-07-14
1128,Rohit,41,Male,Hyderabad,2025-10-31
1129,Aditya,48,Male,Kolkata,2025-09-29
1130,Aditya,23,Female,Delhi,2023-03-19
1131,Arjun,19,Female,Ahmedabad,2022-03-16
1132,Vikram,37,Male,Chennai,2023-07-11
1133,Amit,45,Male,Kolkata,2025-03-24
1134,Arjun,28,Male,Unknown,2025-12-24
1135,Neha,21,Male,Mumbai,2022-12-29
1136,Arjun,32,Male,Mumbai,2023-03-24
1137,Aditya,23,Female,Ahmedabad,2025-06-11
1138,Amit,47,Female,Ahmedabad,2022-09-19
1139,Aman,55,Female,Delhi,2022-05-05
1140,Sneha,19,Female,Hyderabad,2024-06-29
1141,Simran,32,Male,Chennai,2022-09-02
1142,Priya,28,Male,Bengaluru,2023-06-26
1143,Pooja,25,Male,Delhi,2023-04-30
1144,Arjun,43,Male,Hyderabad,2022-05-02
1145,Meera,22,Male,Ahmedabad,2022-05-05
1146,Karan,23,Female,Bengaluru,2022-06-19
1147,Rohit,43,Male,Ahmedabad,2022-05-04
1148,Sneha,21,Female,Unknown,2024-11-24
1149,Simran,36,Female,Mumbai,2025-01-15
1150,Simran,37,Female,Mumbai,2023-10-08
1151,Simran,50,Female,Bengaluru,2024-02-25
1152,Simran,37,Male,Delhi,2022-07-20
1153,Neha,29,Female,Mumbai,2023-01-04
1154,Meera,18,Female,Chennai,2024-03-07
1155,Meera,43,Female,Ahmedabad,2022-03-18
1156,Amit,31,Male,Pune,2022-02-28
1157,Pooja,55,Male,Kolkata,2023-03-07
1158,Aditya,54,Male,Bengaluru,2023-09-30
1159,Simran,28,Female,Bengaluru,2022-04-19
1160,Karan,53,Female,Mumbai,2024-10-04
1161,Aditya,30,Male,Delhi,2025-07-25
1162,Meera,60,Female,Ahmedabad,2022-03-09
1163,Rahul,20,Male,Chennai,2024-12-28
1164,Rahul,50,Male,Delhi,2025-04-03
1165,Karan,23,Female,Hyderabad,2022-11-01
1166,Amit,27,Female,Hyderabad,2023-11-05
1167,Meera,22,Female,Pune,2022-12-31
1168,Karan,40,Female,Mumbai,2024-03-31
1169,Neha,27,Male,Mumbai,2025-11-03
1170,Arjun,19,Male,Mumbai,2022-12-09
1171,Karan,30,Male,Pune,2024-08-04
1172,Aman,57,Male,Hyderabad,2024-06-17
1173,Aditya,19,Male,Delhi,2025-10-09
1174,Sneha,37,Female,Pune,2025-12-10
1175,Anjali,18,Male,Pune,2025-02-06
1176,Amit,54,Male,Delhi,2024-02-01
1177,Karan,26,Male,Mumbai,2022-12-07
1178,Meera,34,Female,Chennai,2024-07-30
1179,Rohit,26,Female,Delhi,2023-01-18
1180,Rahul,28,Female,Hyderabad,2024-09-30
1181,Aman,32,Female,Bengaluru,2022-10-27
1182,Pooja,41,Male,Ahmedabad,2022-05-19
1183,Simran,55,Male,Bengaluru,2022-12-25
1184,Anjali,52,Female,Kolkata,2024-04-15
1185,Vikram,47,Female,Kolkata,2025-11-09
1186,Amit,48,Male,Pune,2025-07-27
1187,Sneha,22,Male,Ahmedabad,2023-04-28
1188,Anjali,31,Female,Bengaluru,2024-06-27
1189,Karan,28,Female,Chennai,2025-02-08
1190,Neha,26,Female,Mumbai,2024-05-15
1191,Rahul,51,Female,Hyderabad,2022-05-19
1192,Meera,29,Male,Kolkata,2024-09-22
1193,Rahul,52,Male,Chennai,2023-03-11
1194,Pooja,52,Male,Hyderabad,2023-05-24
1195,Neha,18,Female,Hyderabad,2022-09-30
1196,Simran,57,Female,Mumbai,2025-01-27
1197,Meera,39,Male,Ahmedabad,2022-04-14
1198,Aditya,46,Male,Pune,2025-05-22
1199,Priya,25,Male,Bengaluru,2024-02-01
1200,Aman,28,Male,Mumbai,2024-02-26
1201,Rahul,58,Female,Chennai,2022-06-14
1202,Rohit,54,Male,Pune,2024-09-25
1203,Rahul,31,Male,Chennai,2023-06-04
1204,Anjali,47,Male,Pune,2025-07-31
1205,Rahul,52,Male,Ahmedabad,2023-06-01
1206,Amit,38,Male,Kolkata,2023-10-19
1207,Rahul,54,Male,Chennai,2023-09-05
1208,Priya,22,Male,Mumbai,2022-06-13
1209,Priya,36,Female,Pune,2022-03-05
1210,Simran,31,Female,Pune,2025-01-19
1211,Sneha,43,Female,Hyderabad,2025-02-14
1212,Aditya,21,Female,Hyderabad,2022-09-24
1213,Rohit,42,Male,Delhi,2025-03-09
1214,Rahul,59,Female,Chennai,2022-09-03
1215,Rahul,42,Female,Hyderabad,2023-01-30
1216,Aman,35,Male,Delhi,2023-04-21
1217,Meera,57,Male,Kolkata,2024-09-03
1218,Priya,25,Female,Kolkata,2025-04-22
1219,Rohit,56,Female,Hyderabad,2024-11-09
1220,Simran,57,Male,Chennai,2023-07-12
1221,Pooja,31,Female,Pune,2024-10-14
1222,Sneha,49,Male,Bengaluru,2024-06-01
1223,Aditya,55,Male,Ahmedabad,2022-05-27
1224,Neha,50,Male,Chennai,2023-10-28
1225,Aditya,40,Male,Ahmedabad,2025-08-20
1226,Amit,32,Female,Mumbai,2023-09-12
1227,Anjali,50,Male,Kolkata,2024-03-30
1228,Amit,42,Male,Hyderabad,2024-05-13
1229,Rahul,34,Female,Hyderabad,2023-08-05
1230,Vikram,50,Male,Unknown,2024-10-19
1231,Sneha,19,Female,Pune,2023-11-26
1232,Anjali,31,Female,Ahmedabad,2025-06-05
1233,Rohit,57,Female,Mumbai,2025-01-30
1234,Neha,57,Male,Pune,2025-12-11
1235,Priya,56,Female,Mumbai,2025-05-24
1236,Sneha,23,Female,Bengaluru,2023-02-11
1237,Sneha,23,Male,Kolkata,2023-02-03
1238,Amit,20,Female,Hyderabad,2023-12-16
1239,Vikram,24,Female,Hyderabad,2023-12-05
1240,Rahul,25,Female,Bengaluru,2024-01-31
1241,Karan,59,Female,Delhi,2023-05-14
1242,Simran,32,Female,Kolkata,2024-08-31
1243,Amit,46,Male,Pune,2022-03-23
1244,Sneha,50,Female,Bengaluru,2023-08-27
1245,Arjun,47,Female,Pune,2024-02-11
1246,Aman,56,Male,Ahmedabad,2024-06-21
1247,Neha,44,Male,Chennai,2022-12-31
1248,Simran,53,Male,Hyderabad,2022-06-12
1249,Amit,46,Female,Pune,2024-12-07
1250,Neha,55,Male,Mumbai,2023-05-26
1251,Aman,50,Female,Pune,2025-09-14
1252,Pooja,54,Female,Chennai,2022-04-26
1253,Aman,44,Male,Kolkata,2024-07-29
1254,Vikram,50,Male,Hyderabad,2022-12-03
1255,Aman,21,Female,Ahmedabad,2024-05-30
1256,Neha,39,Male,Bengaluru,2024-01-07
1257,Aditya,19,Female,Ahmedabad,2024-04-19
1258,Neha,27,Male,Chennai,2022-05-27
1259,Karan,22,Male,Hyderabad,2025-09-08
1260,Rahul,27,Male,Pune,2023-03-19
1261,Anjali,50,Female,Kolkata,2024-04-16
1262,Aditya,55,Male,Delhi,2024-11-02
1263,Priya,30,Female,Kolkata,2024-07-31
1264,Anjali,48,Female,Delhi,2022-10-14
1265,Rahul,53,Female,Mumbai,2023-12-21
1266,Amit,41,Female,Kolkata,2025-02-11
1267,Simran,32,Male,Hyderabad,2023-04-25
1268,Karan,46,Female,Delhi,2022-01-22
1269,Karan,25,Female,Bengaluru,2025-10-04
1270,Priya,22,Male,Hyderabad,2023-11-14
1271,Aditya,46,Female,Bengaluru,2024-06-24
1272,Vikram,21,Male,Kolkata,2022-11-16
1273,Meera,29,Female,Bengaluru,2022-05-06
1274,Pooja,19,Male,Delhi,2022-10-04
1275,Aman,44,Female,Hyderabad,2025-05-12
1276,Aditya,48,Male,Pune,2022-07-13
1277,Simran,53,Female,Chennai,2023-11-27
1278,Pooja,53,Female,Delhi,2025-08-02
1279,Karan,43,Male,Delhi,2022-02-26
1280,Neha,60,Male,Pune,2025-08-19
1281,Simran,44,Male,Hyderabad,2025-04-01
1282,Rahul,22,Male,Hyderabad,2022-01-19
1283,Priya,37,Female,Unknown,2025-10-25
1284,Rahul,28,Female,Kolkata,2022-09-21
1285,Meera,27,Male,Bengaluru,2024-03-04
1286,Simran,57,Female,Kolkata,2022-04-23
1287,Rohit,55,Male,Pune,2025-09-12
1288,Rohit,23,Male,Kolkata,2023-06-26
1289,Amit,25,Female,Pune,2023-10-09
1290,Aditya,40,Female,Hyderabad,2023-08-02
1291,Karan,43,Female,Bengaluru,2024-12-24
1292,Karan,60,Female,Kolkata,2025-08-08
1293,Aman,29,Female,Delhi,2022-01-25
1294,Aman,43,Female,Mumbai,2022-01-01
1295,Aman,30,Female,Ahmedabad,2024-06-29
1296,Neha,57,Male,Chennai,2022-05-21
1297,Anjali,35,Male,Delhi,2023-10-10
1298,Sneha,42,Male,Hyderabad,2022-07-07
1299,Anjali,50,Male,Chennai,2025-02-25
1300,Rahul,57,Male,Mumbai,2022-07-20
1301,Anjali,60,Female,Mumbai,2025-02-24
1302,Neha,29,Male,Bengaluru,2022-09-14
1303,Amit,53,Male,Chennai,2023-07-01
1304,Rahul,21,Male,Bengaluru,2022-07-13
1305,Anjali,22,Male,Delhi,2023-12-04
1306,Neha,54,Male,Pune,2025-02-01
1307,Sneha,25,Male,Pune,2025-07-12
1308,Anjali,59,Male,Pune,2024-03-12
1309,Neha,45,Female,Unknown,2024-07-30
1310,Meera,48,Female,Pune,2025-11-08
1311,Aman,26,Male,Delhi,2025-07-07
1312,Meera,46,Female,Bengaluru,2023-02-18
1313,Karan,31,Female,Chennai,2025-10-13
1314,Aman,57,Female,Bengaluru,2025-01-03
1315,Karan,58,Female,Chennai,2025-10-10
1316,Arjun,39,Male,Bengaluru,2024-06-28
1317,Priya,28,Female,Mumbai,2022-07-07
1318,Meera,40,Female,Bengaluru,2025-08-06
1319,Priya,18,Female,Pune,2022-02-14
1320,Priya,54,Male,Mumbai,2022-03-24
1321,Sneha,38,Male,Bengaluru,2025-02-20
1322,Aman,43,Male,Chennai,2022-12-24
1323,Arjun,53,Male,Chennai,2024-12-25
1324,Karan,40,Male,Ahmedabad,2024-07-24
1325,Neha,18,Male,Chennai,2023-01-10
1326,Rahul,57,Male,Unknown,2022-06-11
1327,Neha,32,Female,Delhi,2025-11-04
1328,Rahul,38,Female,Chennai,2025-10-13
1329,Meera,26,Female,Mumbai,2025-04-26
1330,Rohit,26,Male,Ahmedabad,2022-11-18
1331,Neha,27,Male,Chennai,2023-03-26
1332,Anjali,43,Male,Hyderabad,2024-11-02
1333,Anjali,58,Male,Pune,2022-07-03
1334,Aditya,52,Male,Mumbai,2022-04-21
1335,Aman,42,Female,Hyderabad,2023-05-23
1336,Rahul,43,Female,Pune,2025-08-06
1337,Rahul,28,Male,Kolkata,2022-10-22
1338,Simran,55,Male,Kolkata,2024-06-22
1339,Amit,19,Male,Mumbai,2025-05-23
1340,Aman,24,Male,Bengaluru,2024-08-31
1341,Sneha,35,Female,Delhi,2023-09-24
1342,Aditya,44,Male,Ahmedabad,2024-11-16
1343,Sneha,51,Male,Delhi,2024-01-03
1344,Meera,44,Male,Hyderabad,2025-06-08
1345,Meera,34,Male,Pune,2022-11-17
1346,Sneha,60,Female,Delhi,2024-07-01
1347,Sneha,41,Male,Pune,2025-06-10
1348,Arjun,42,Male,Pune,2023-03-13
1349,Aman,24,Female,Hyderabad,2024-02-20
1350,Sneha,23,Female,Hyderabad,2025-11-27
1351,Anjali,41,Female,Hyderabad,2024-12-12
1352,Amit,50,Male,Unknown,2025-08-29
1353,Amit,46,Male,Kolkata,2025-07-28
1354,Priya,60,Female,Hyderabad,2023-12-27
1355,Rohit,39,Female,Ahmedabad,2022-01-31
1356,Meera,43,Female,Delhi,2022-12-03
1357,Rahul,45,Female,Hyderabad,2022-07-02
1358,Simran,38,Female,Chennai,2024-11-12
1359,Vikram,24,Female,Pune,2023-06-28
1360,Rahul,34,Male,Ahmedabad,2025-01-02
1361,Rohit,37,Male,Hyderabad,2024-10-30
1362,Simran,58,Male,Mumbai,2023-10-22
1363,Arjun,37,Female,Pune,2022-06-09
1364,Aman,39,Female,Pune,2024-11-03
1365,Neha,45,Female,Hyderabad,2025-04-16
1366,Aman,57,Female,Kolkata,2023-02-16
1367,Rahul,24,Female,Unknown,2024-10-08
1368,Rahul,18,Female,Kolkata,2022-02-22
1369,Simran,49,Male,Hyderabad,2023-02-12
1370,Simran,30,Male,Pune,2024-04-26
1371,Meera,47,Female,Ahmedabad,2024-11-11
1372,Arjun,40,Male,Mumbai,2024-11-19
1373,Meera,36,Female,Ahmedabad,2023-12-04
1374,Rohit,49,Male,Ahmedabad,2022-09-17
1375,Sneha,47,Female,Pune,2025-05-13
1376,Aman,46,Female,Kolkata,2024-12-18
1377,Simran,46,Male,Mumbai,2024-02-15
1378,Karan,47,Male,Delhi,2024-11-01
1379,Rohit,33,Female,Chennai,2025-08-06
1380,Anjali,57,Female,Pune,2024-04-29
1381,Arjun,36,Male,Hyderabad,2022-12-20
1382,Rahul,35,Male,Delhi,2025-01-03
1383,Meera,18,Female,Chennai,2024-05-22
1384,Rohit,31,Male,Hyderabad,2024-09-17
1385,Vikram,19,Female,Ahmedabad,2025-06-18
1386,Aman,45,Female,Bengaluru,2024-10-14
1387,Simran,47,Female,Hyderabad,2025-03-23
1388,Rahul,55,Female,Mumbai,2025-01-24
1389,Neha,21,Male,Mumbai,2022-10-21
1390,Vikram,18,Male,Bengaluru,2022-07-28
1391,Arjun,25,Male,Delhi,2025-09-28
1392,Rohit,46,Male,Chennai,2025-01-16
1393,Aditya,56,Male,Hyderabad,2024-03-28
1394,Rahul,20,Male,Mumbai,2023-01-25
1395,Aman,49,Male,Delhi,2022-11-21
1396,Priya,27,Female,Bengaluru,2024-07-28
1397,Karan,27,Male,Kolkata,2024-06-07
1398,Pooja,36,Male,Pune,2025-03-26
1399,Vikram,51,Female,Kolkata,2023-10-30
1400,Sneha,50,Male,Kolkata,2023-09-25
1401,Pooja,40,Male,Mumbai,2023-07-31
1402,Aman,45,Female,Ahmedabad,2022-05-17
1403,Anjali,49,Male,Unknown,2023-03-04
1404,Meera,24,Male,Bengaluru,2023-09-04
1405,Anjali,46,Male,Hyderabad,2024-06-29
1406,Priya,25,Female,Ahmedabad,2024-03-29
1407,Vikram,18,Male,Kolkata,2022-05-21
1408,Sneha,20,Male,Ahmedabad,2025-01-11
1409,Aditya,41,Female,Kolkata,2022-06-26
1410,Priya,40,Male,Chennai,2022-07-17
1411,Vikram,25,Female,Mumbai,2023-09-16
1412,Amit,54,Female,Mumbai,2023-11-22
1413,Pooja,20,Male,Hyderabad,2025-12-15
1414,Priya,50,Female,Unknown,2023-02-05
1415,Pooja,45,Female,Ahmedabad,2023-04-16
1416,Rahul,25,Male,Pune,2022-08-06
1417,Anjali,51,Female,Delhi,2024-07-17
1418,Rahul,52,Female,Chennai,2023-09-24
1419,Karan,49,Male,Mumbai,2024-08-08
1420,Amit,41,Male,Chennai,2024-06-24
1421,Sneha,31,Male,Mumbai,2022-06-24
1422,Aditya,49,Female,Chennai,2022-01-23
1423,Arjun,60,Male,Bengaluru,2022-08-23
1424,Pooja,33,Female,Kolkata,2024-11-02
1425,Aditya,21,Female,Mumbai,2025-01-29
1426,Pooja,54,Female,Chennai,2024-07-17
1427,Aman,38,Female,Ahmedabad,2023-06-07
1428,Priya,31,Female,Delhi,2023-03-07
1429,Karan,48,Female,Bengaluru,2024-03-03
1430,Anjali,35,Female,Bengaluru,2023-06-17
1431,Arjun,24,Male,Delhi,2024-09-05
1432,Simran,27,Male,Chennai,2025-08-09
1433,Pooja,24,Female,Ahmedabad,2024-03-20
1434,Aditya,50,Female,Hyderabad,2024-07-01
1435,Karan,40,Male,Delhi,2025-01-29
1436,Neha,38,Female,Chennai,2025-08-20
1437,Arjun,36,Male,Delhi,2024-05-20
1438,Neha,36,Male,Delhi,2023-06-24
1439,Rahul,53,Male,Mumbai,2024-10-20
1440,Anjali,46,Female,Chennai,2025-10-10
1441,Meera,35,Female,Hyderabad,2025-08-19
1442,Meera,19,Male,Kolkata,2022-08-15
1443,Simran,18,Male,Unknown,2025-06-13
1444,Aman,22,Male,Delhi,2024-05-22
1445,Aditya,37,Male,Kolkata,2024-06-10
1446,Vikram,28,Male,Pune,2024-11-02
1447,Simran,59,Female,Kolkata,2022-07-29
1448,Priya,19,Male,Delhi,2024-01-11
1449,Priya,20,Female,Delhi,2023-02-01
1450,Aditya,40,Male,Ahmedabad,2025-01-28
1451,Vikram,29,Female,Chennai,2022-01-31
1452,Sneha,37,Female,Chennai,2024-06-16
1453,Aman,22,Female,Mumbai,2023-10-11
1454,Karan,54,Female,Hyderabad,2022-11-25
1455,Pooja,55,Female,Mumbai,2025-04-04
1456,Vikram,47,Female,Bengaluru,2024-08-09
1457,Meera,26,Male,Delhi,2025-01-28
1458,Arjun,51,Female,Kolkata,2023-09-13
1459,Sneha,52,Male,Pune,2025-04-11
1460,Pooja,39,Female,Delhi,2022-06-11
1461,Pooja,41,Female,Delhi,2024-02-15
1462,Sneha,34,Male,Mumbai,2025-07-10
1463,Rahul,27,Female,Pune,2022-10-01
1464,Neha,47,Male,Pune,2024-10-23
1465,Pooja,40,Male,Pune,2024-11-17
1466,Sneha,49,Male,Mumbai,2022-11-22
1467,Vikram,34,Male,Delhi,2024-07-28
1468,Sneha,34,Female,Mumbai,2025-03-18
1469,Amit,31,Female,Chennai,2023-06-24
1470,Simran,26,Male,Chennai,2023-05-03
1471,Rohit,57,Female,Mumbai,2024-04-01
1472,Rahul,19,Female,Pune,2024-12-24
1473,Anjali,42,Male,Ahmedabad,2022-12-22
1474,Rohit,56,Female,Delhi,2025-06-29
1475,Simran,26,Male,Mumbai,2022-08-23
1476,Simran,39,Male,Mumbai,2022-08-15
1477,Simran,60,Female,Mumbai,2025-08-29
1478,Rohit,21,Female,Ahmedabad,2022-02-18
1479,Aditya,43,Female,Ahmedabad,2022-04-28
1480,Neha,46,Male,Bengaluru,2022-02-23
1481,Sneha,51,Male,Unknown,2023-07-19
1482,Arjun,40,Female,Kolkata,2024-12-03
1483,Neha,54,Female,Unknown,2022-02-22
1484,Meera,28,Female,Hyderabad,2023-07-12
1485,Vikram,23,Female,Ahmedabad,2025-01-30
1486,Aman,35,Male,Kolkata,2024-05-17
1487,Aditya,38,Female,Ahmedabad,2023-02-02
1488,Anjali,59,Male,Pune,2025-03-07
1489,Neha,53,Male,Hyderabad,2023-11-06
1490,Arjun,58,Female,Bengaluru,2023-01-22
1491,Priya,55,Female,Mumbai,2022-04-21
1492,Simran,51,Female,Bengaluru,2023-09-06
1493,Pooja,34,Male,Ahmedabad,2022-01-17
1494,Meera,54,Female,Bengaluru,2025-04-20
1495,Aman,42,Female,Unknown,2024-06-02
1496,Rahul,55,Male,Delhi,2023-06-25
1497,Anjali,29,Female,Ahmedabad,2022-06-20
1498,Vikram,40,Male,Ahmedabad,2023-02-13
1499,Aman,59,Female,Kolkata,2024-01-10
1500,Simran,39,Male,Chennai,2025-11-02
1501,Pooja,38,Female,Hyderabad,2025-04-26
1502,Aditya,44,Female,Mumbai,2024-05-07
1503,Pooja,48,Male,Kolkata,2022-08-18
1504,Rohit,23,Male,Hyderabad,2022-04-29
1505,Pooja,44,Female,Pune,2025-03-25
1506,Rohit,57,Male,Hyderabad,2024-02-23
1507,Meera,51,Male,Pune,2023-04-10
1508,Aditya,29,Male,Kolkata,2022-04-14
1509,Vikram,24,Male,Ahmedabad,2023-11-29
1510,Karan,27,Female,Ahmedabad,2022-06-24
1511,Simran,34,Female,Chennai,2024-01-15
1512,Rohit,43,Male,Kolkata,2025-12-15
1513,Rahul,38,Male,Pune,2025-03-03
1514,Pooja,45,Male,Hyderabad,2025-11-15
1515,Pooja,19,Male,Hyderabad,2023-10-27
1516,Rahul,60,Female,Pune,2022-02-02
1517,Vikram,18,Female,Bengaluru,2022-02-24
1518,Priya,53,Male,Chennai,2023-06-03
1519,Meera,43,Male,Delhi,2024-01-26
1520,Sneha,46,Male,Ahmedabad,2022-01-12
1521,Karan,38,Female,Mumbai,2023-12-21
1522,Anjali,28,Male,Hyderabad,2023-07-09
1523,Arjun,57,Female,Mumbai,2023-01-08
1524,Rohit,28,Male,Delhi,2023-04-29
1525,Rahul,53,Female,Kolkata,2024-08-30
1526,Arjun,56,Male,Mumbai,2025-06-05
1527,Aditya,57,Female,Delhi,2023-09-15
1528,Vikram,52,Male,Ahmedabad,2022-11-03
1529,Rohit,51,Male,Pune,2023-04-02
1530,Sneha,41,Male,Bengaluru,2022-06-09
1531,Arjun,39,Female,Ahmedabad,2022-11-27
1532,Aditya,22,Male,Hyderabad,2024-02-15
1533,Aman,50,Female,Delhi,2022-08-13
1534,Simran,53,Female,Mumbai,2024-09-09
1535,Pooja,37,Male,Hyderabad,2023-12-30
1536,Aman,36,Male,Bengaluru,2024-12-04
1537,Rohit,52,Male,Pune,2025-05-22
1538,Sneha,60,Female,Kolkata,2024-12-18
1539,Karan,34,Male,Hyderabad,2023-10-06
1540,Arjun,60,Female,Kolkata,2023-09-08
1541,Meera,51,Female,Delhi,2022-07-14
1542,Simran,26,Male,Bengaluru,2023-05-04
1543,Rohit,43,Male,Mumbai,2022-06-06
1544,Vikram,19,Male,Bengaluru,2023-09-02
1545,Rahul,26,Male,Bengaluru,2025-06-03
1546,Meera,26,Male,Chennai,2023-02-16
1547,Meera,57,Male,Bengaluru,2025-05-13
1548,Meera,34,Female,Bengaluru,2025-01-07
1549,Neha,18,Female,Ahmedabad,2025-02-21
1550,Rohit,42,Female,Hyderabad,2023-04-16
1551,Simran,60,Male,Mumbai,2025-05-26
1552,Pooja,57,Female,Ahmedabad,2023-05-31
1553,Pooja,59,Female,Unknown,2025-02-01
1554,Rohit,42,Female,Hyderabad,2023-01-28
1555,Aditya,56,Female,Hyderabad,2023-09-23
1556,Neha,52,Female,Delhi,2023-08-31
1557,Rahul,20,Male,Hyderabad,2024-09-06
1558,Meera,54,Male,Chennai,2023-03-10
1559,Meera,47,Female,Chennai,2025-09-16
1560,Rohit,55,Female,Unknown,2025-03-12
1561,Aditya,51,Female,Kolkata,2023-06-24
1562,Pooja,29,Male,Delhi,2022-10-05
1563,Pooja,36,Male,Kolkata,2022-08-21
1564,Sneha,54,Female,Kolkata,2025-01-18
1565,Rohit,34,Male,Ahmedabad,2025-05-07
1566,Neha,27,Male,Pune,2022-12-28
1567,Priya,29,Female,Ahmedabad,2022-01-26
1568,Neha,33,Male,Mumbai,2024-11-14
1569,Vikram,41,Male,Mumbai,2025-11-18
1570,Pooja,36,Female,Hyderabad,2023-05-22
1571,Pooja,25,Male,Hyderabad,2025-08-17
1572,Aman,48,Male,Pune,2025-09-24
1573,Pooja,38,Female,Hyderabad,2022-09-24
1574,Rahul,34,Male,Mumbai,2023-04-06
1575,Anjali,40,Male,Kolkata,2023-04-01
1576,Rohit,54,Female,Ahmedabad,2025-10-15
1577,Arjun,33,Female,Bengaluru,2024-12-27
1578,Neha,23,Female,Chennai,2024-10-03
1579,Anjali,25,Male,Bengaluru,2024-05-12
1580,Aditya,42,Female,Bengaluru,2025-12-06
1581,Priya,35,Male,Mumbai,2023-05-06
1582,Rahul,42,Female,Bengaluru,2024-12-08
1583,Simran,29,Male,Ahmedabad,2023-07-18
1584,Amit,32,Female,Pune,2025-01-30
1585,Neha,43,Female,Delhi,2022-08-04
1586,Anjali,58,Female,Hyderabad,2023-07-13
1587,Simran,43,Female,Delhi,2022-06-08
1588,Priya,49,Male,Kolkata,2023-05-04
1589,Aman,27,Female,Ahmedabad,2023-11-17
1590,Simran,33,Female,Ahmedabad,2025-06-19
1591,Rahul,24,Male,Chennai,2024-03-04
1592,Rahul,34,Female,Ahmedabad,2022-01-05
1593,Arjun,40,Male,Hyderabad,2022-12-27
1594,Aman,43,Female,Ahmedabad,2023-04-04
1595,Amit,38,Female,Bengaluru,2022-09-05
1596,Rohit,39,Female,Unknown,2024-08-03
1597,Simran,24,Male,Hyderabad,2023-02-26
1598,Aman,31,Female,Pune,2022-01-15
1599,Rahul,32,Female,Pune,2024-01-06
1600,Rahul,24,Female,Pune,2025-02-19
1601,Anjali,26,Male,Pune,2022-10-04
1602,Pooja,25,Male,Bengaluru,2023-03-29
1603,Amit,40,Female,Ahmedabad,2025-11-14
1604,Simran,46,Male,Delhi,2025-08-10
1605,Arjun,35,Female,Hyderabad,2023-08-21
1606,Arjun,48,Female,Bengaluru,2023-03-22
1607,Simran,47,Female,Pune,2022-07-29
1608,Vikram,56,Female,Kolkata,2023-12-15
1609,Meera,52,Female,Ahmedabad,2022-10-29
1610,Priya,35,Female,Delhi,2025-05-31
1611,Arjun,59,Female,Kolkata,2022-01-03
1612,Aman,56,Male,Chennai,2024-09-16
1613,Priya,34,Male,Kolkata,2025-01-21
1614,Aman,31,Male,Chennai,2023-06-04
1615,Aditya,48,Male,Chennai,2025-12-22
1616,Rahul,41,Male,Pune,2023-05-08
1617,Pooja,52,Male,Chennai,2025-06-12
1618,Anjali,51,Male,Mumbai,2023-09-12
1619,Arjun,20,Female,Hyderabad,2025-03-30
1620,Pooja,54,Female,Hyderabad,2022-11-27
1621,Pooja,60,Female,Pune,2022-11-29
1622,Pooja,57,Female,Mumbai,2022-02-19
1623,Meera,43,Male,Kolkata,2024-05-12
1624,Priya,40,Male,Bengaluru,2022-09-29
1625,Aman,56,Female,Kolkata,2023-08-03
1626,Karan,32,Female,Ahmedabad,2025-06-29
1627,Aditya,21,Male,Bengaluru,2023-07-14
1628,Neha,46,Female,Chennai,2023-11-27
1629,Pooja,39,Female,Delhi,2025-01-18
1630,Rohit,42,Female,Bengaluru,2023-03-22
1631,Priya,30,Female,Delhi,2024-10-13
1632,Arjun,35,Male,Hyderabad,2025-09-17
1633,Amit,50,Female,Delhi,2025-03-08
1634,Arjun,33,Female,Hyderabad,2022-12-23
1635,Anjali,59,Male,Mumbai,2022-10-01
1636,Neha,19,Male,Mumbai,2024-11-08
1637,Karan,52,Female,Pune,2022-11-07
1638,Rohit,59,Male,Pune,2024-05-19
1639,Arjun,51,Female,Chennai,2024-06-04
1640,Karan,47,Female,Bengaluru,2022-06-03
1641,Neha,30,Male,Chennai,2025-11-14
1642,Pooja,30,Female,Hyderabad,2025-07-07
1643,Rohit,35,Female,Chennai,2023-09-12
1644,Karan,49,Female,Delhi,2024-06-01
1645,Anjali,49,Female,Hyderabad,2024-03-07
1646,Aman,52,Male,Pune,2022-05-05
1647,Rahul,56,Male,Mumbai,2025-10-09
1648,Aman,46,Female,Pune,2025-07-20
1649,Neha,46,Male,Bengaluru,2023-09-11
1650,Priya,33,Female,Hyderabad,2022-09-02
1651,Rahul,27,Female,Hyderabad,2024-04-27
1652,Aditya,47,Female,Delhi,2023-03-26
1653,Anjali,42,Female,Bengaluru,2024-07-18
1654,Aditya,56,Female,Mumbai,2025-06-24
1655,Meera,37,Male,Kolkata,2023-06-04
1656,Rohit,22,Female,Hyderabad,2025-03-10
1657,Simran,18,Male,Hyderabad,2022-12-28
1658,Rahul,47,Male,Delhi,2022-01-08
1659,Aditya,20,Female,Chennai,2023-04-23
1660,Arjun,31,Female,Ahmedabad,2025-10-07
1661,Aditya,47,Female,Mumbai,2023-05-10
1662,Karan,21,Female,Pune,2024-04-12
1663,Aman,35,Female,Bengaluru,2025-12-21
1664,Karan,54,Male,Hyderabad,2024-11-28
1665,Meera,42,Female,Hyderabad,2023-08-16
1666,Rahul,18,Female,Pune,2022-07-06
1667,Rahul,32,Male,Mumbai,2024-01-24
1668,Meera,26,Male,Ahmedabad,2022-04-03
1669,Neha,32,Female,Unknown,2022-03-27
1670,Karan,41,Male,Hyderabad,2024-12-03
1671,Sneha,21,Female,Ahmedabad,2022-05-17
1672,Arjun,29,Male,Mumbai,2023-02-25
1673,Amit,54,Male,Pune,2022-03-15
1674,Aman,54,Female,Delhi,2025-03-25
1675,Rahul,60,Male,Chennai,2025-07-02
1676,Neha,23,Male,Bengaluru,2022-06-20
1677,Simran,56,Male,Hyderabad,2022-06-19
1678,Arjun,41,Male,Mumbai,2024-05-21
1679,Karan,28,Male,Delhi,2022-11-18
1680,Aman,30,Male,Bengaluru,2023-04-01
1681,Simran,51,Female,Kolkata,2024-08-01
1682,Karan,42,Female,Mumbai,2024-02-29
1683,Aditya,24,Male,Mumbai,2023-09-05
1684,Simran,21,Female,Bengaluru,2025-03-24
1685,Meera,25,Female,Delhi,2024-06-07
1686,Vikram,37,Female,Kolkata,2022-12-15
1687,Neha,46,Male,Ahmedabad,2025-04-11
1688,Aman,27,Female,Ahmedabad,2022-01-10
1689,Pooja,60,Male,Pune,2024-01-10
1690,Vikram,51,Female,Delhi,2025-07-12
1691,Rohit,43,Male,Chennai,2025-06-24
1692,Rohit,58,Male,Hyderabad,2023-10-29
1693,Aman,20,Female,Bengaluru,2023-06-30
1694,Simran,23,Female,Pune,2022-05-09
1695,Karan,22,Male,Kolkata,2023-08-24
1696,Neha,22,Female,Bengaluru,2023-08-28
1697,Amit,40,Female,Bengaluru,2022-11-23
1698,Rohit,26,Female,Delhi,2024-09-06
1699,Neha,52,Male,Hyderabad,2023-02-08
1700,Rohit,37,Male,Chennai,2023-09-21
1701,Aditya,59,Female,Ahmedabad,2025-10-14
1702,Karan,52,Female,Mumbai,2023-12-19
1703,Aditya,35,Female,Mumbai,2024-11-06
1704,Arjun,34,Male,Bengaluru,2022-10-01
1705,Rohit,41,Male,Ahmedabad,2023-11-16
1706,Pooja,20,Female,Ahmedabad,2022-04-26
1707,Pooja,49,Female,Hyderabad,2024-05-10
1708,Aditya,52,Female,Kolkata,2023-11-24
1709,Meera,55,Female,Kolkata,2025-01-19
1710,Vikram,30,Female,Pune,2025-01-10
1711,Pooja,42,Female,Delhi,2022-11-20
1712,Rohit,26,Male,Hyderabad,2024-08-18
1713,Aman,21,Female,Hyderabad,2022-04-24
1714,Aditya,31,Male,Delhi,2024-12-17
1715,Arjun,54,Female,Ahmedabad,2022-06-03
1716,Amit,51,Female,Kolkata,2025-11-28
1717,Amit,28,Male,Kolkata,2025-07-13
1718,Priya,58,Male,Ahmedabad,2022-11-11
1719,Vikram,20,Male,Unknown,2024-11-30
1720,Simran,45,Male,Bengaluru,2022-04-15
1721,Karan,46,Female,Hyderabad,2025-05-01
1722,Pooja,26,Male,Mumbai,2025-11-25
1723,Pooja,20,Female,Delhi,2025-07-25
1724,Simran,42,Male,Kolkata,2022-12-20
1725,Rahul,51,Female,Pune,2024-10-12
1726,Arjun,29,Female,Kolkata,2024-01-03
1727,Sneha,59,Female,Kolkata,2023-12-10
1728,Aditya,26,Female,Chennai,2025-07-03
1729,Meera,32,Female,Bengaluru,2023-10-13
1730,Arjun,57,Female,Delhi,2024-04-03
1731,Anjali,42,Male,Chennai,2024-08-04
1732,Pooja,22,Female,Chennai,2023-10-23
1733,Karan,28,Male,Pune,2022-04-09
1734,Priya,51,Male,Hyderabad,2023-08-11
1735,Amit,41,Female,Pune,2022-10-09
1736,Pooja,32,Male,Hyderabad,2023-02-07
1737,Priya,55,Female,Hyderabad,2025-02-06
1738,Rohit,25,Male,Delhi,2023-12-01
1739,Arjun,22,Female,Kolkata,2022-07-18
1740,Rohit,43,Male,Delhi,2025-08-19
1741,Sneha,35,Female,Bengaluru,2022-11-23
1742,Aman,23,Female,Hyderabad,2022-06-03
1743,Anjali,54,Female,Chennai,2023-07-06
1744,Arjun,30,Female,Kolkata,2023-02-09
1745,Rahul,45,Male,Unknown,2023-04-07
1746,Sneha,22,Female,Bengaluru,2022-05-12
1747,Neha,30,Male,Delhi,2024-03-01
1748,Rahul,34,Male,Pune,2024-05-23
1749,Vikram,57,Male,Bengaluru,2022-03-25
1750,Aditya,49,Female,Bengaluru,2025-11-23
1751,Karan,46,Male,Kolkata,2024-01-24
1752,Arjun,20,Male,Bengaluru,2023-09-20
1753,Neha,57,Male,Bengaluru,2025-02-06
1754,Neha,51,Female,Mumbai,2022-08-09
1755,Sneha,57,Female,Ahmedabad,2023-07-07
1756,Simran,44,Male,Pune,2025-10-23
1757,Vikram,30,Female,Pune,2025-03-16
1758,Aman,50,Female,Pune,2022-04-22
1759,Arjun,23,Male,Hyderabad,2023-09-07
1760,Simran,41,Male,Chennai,2024-07-12
1761,Sneha,36,Female,Ahmedabad,2023-04-20
1762,Aditya,33,Male,Pune,2024-04-15
1763,Amit,57,Female,Bengaluru,2022-09-28
1764,Pooja,45,Female,Bengaluru,2023-02-25
1765,Pooja,50,Female,Pune,2023-12-08
1766,Aman,58,Female,Kolkata,2025-10-22
1767,Aditya,30,Female,Pune,2025-07-27
1768,Meera,60,Female,Bengaluru,2025-07-30
1769,Aman,42,Male,Hyderabad,2022-02-09
1770,Arjun,59,Male,Delhi,2022-07-08
1771,Arjun,53,Female,Delhi,2025-04-02
1772,Priya,44,Female,Ahmedabad,2024-09-20
1773,Simran,55,Female,Ahmedabad,2023-06-20
1774,Meera,24,Male,Pune,2024-10-24
1775,Pooja,22,Female,Mumbai,2022-10-17
1776,Neha,60,Male,Pune,2023-03-09
1777,Simran,48,Female,Kolkata,2023-04-16
1778,Anjali,40,Female,Unknown,2025-04-19
1779,Arjun,59,Male,Ahmedabad,2025-06-25
1780,Vikram,27,Male,Delhi,2023-09-20
1781,Karan,49,Female,Bengaluru,2022-10-06
1782,Aditya,60,Female,Pune,2024-05-26
1783,Rahul,47,Female,Bengaluru,2023-08-04
1784,Aman,56,Male,Bengaluru,2024-05-12
1785,Arjun,48,Male,Mumbai,2022-09-11
1786,Simran,35,Male,Bengaluru,2022-06-30
1787,Meera,53,Male,Delhi,2023-11-12
1788,Karan,19,Male,Hyderabad,2024-04-04
1789,Vikram,31,Male,Hyderabad,2023-12-01
1790,Simran,30,Female,Chennai,2023-07-20
1791,Rahul,46,Female,Kolkata,2025-09-11
1792,Karan,29,Male,Pune,2025-10-12
1793,Anjali,56,Female,Kolkata,2023-11-11
1794,Rahul,19,Female,Delhi,2023-01-26
1795,Sneha,49,Male,Bengaluru,2025-01-13
1796,Rohit,30,Female,Hyderabad,2025-09-02
1797,Sneha,44,Male,Kolkata,2022-07-31
1798,Pooja,58,Male,Delhi,2023-01-19
1799,Simran,34,Female,Hyderabad,2022-12-08
1800,Arjun,57,Male,Bengaluru,2024-04-23
1801,Arjun,48,Male,Kolkata,2024-11-27
1802,Arjun,51,Male,Unknown,2023-02-24
1803,Vikram,41,Male,Pune,2024-01-21
1804,Rohit,52,Male,Ahmedabad,2025-04-07
1805,Sneha,23,Male,Pune,2025-09-28
1806,Rohit,36,Male,Chennai,2022-11-02
1807,Amit,47,Male,Chennai,2023-12-03
1808,Simran,24,Female,Hyderabad,2024-05-18
1809,Rohit,27,Female,Ahmedabad,2023-06-21
1810,Neha,58,Female,Delhi,2025-02-09
1811,Aman,49,Male,Pune,2025-12-05
1812,Aman,51,Male,Delhi,2022-07-25
1813,Neha,45,Female,Ahmedabad,2025-04-23
1814,Karan,32,Female,Delhi,2025-11-06
1815,Priya,47,Female,Ahmedabad,2023-05-11
1816,Vikram,54,Male,Hyderabad,2025-11-03
1817,Karan,46,Female,Delhi,2024-12-06
1818,Rahul,39,Female,Pune,2023-05-19
1819,Meera,21,Male,Bengaluru,2024-11-11
1820,Vikram,37,Female,Chennai,2022-08-01
1821,Vikram,49,Male,Bengaluru,2022-11-06
1822,Rahul,53,Male,Delhi,2023-10-23
1823,Rohit,21,Male,Bengaluru,2024-01-23
1824,Sneha,44,Female,Pune,2022-09-29
1825,Sneha,34,Female,Pune,2024-07-26
1826,Aman,29,Male,Delhi,2025-05-10
1827,Aditya,39,Female,Hyderabad,2022-02-01
1828,Karan,34,Female,Bengaluru,2023-03-19
1829,Amit,27,Female,Hyderabad,2022-06-11
1830,Simran,18,Female,Hyderabad,2024-02-06
1831,Pooja,39,Male,Ahmedabad,2022-09-11
1832,Anjali,43,Female,Mumbai,2023-06-05
1833,Sneha,35,Male,Delhi,2024-09-03
1834,Simran,31,Male,Unknown,2022-01-10
1835,Anjali,46,Female,Unknown,2023-12-27
1836,Simran,29,Male,Pune,2023-05-20
1837,Rohit,53,Female,Delhi,2024-02-24
1838,Anjali,52,Female,Ahmedabad,2023-03-12
1839,Pooja,29,Male,Kolkata,2025-02-08
1840,Simran,24,Male,Kolkata,2022-06-02
1841,Neha,46,Male,Kolkata,2024-07-05
1842,Pooja,28,Male,Ahmedabad,2024-05-18
1843,Anjali,50,Female,Chennai,2025-01-30
1844,Pooja,23,Female,Pune,2024-01-23
1845,Simran,32,Female,Delhi,2025-04-29
1846,Priya,49,Male,Ahmedabad,2023-07-17
1847,Simran,28,Male,Pune,2025-01-09
1848,Simran,40,Male,Hyderabad,2023-05-04
1849,Rohit,43,Female,Bengaluru,2024-06-13
1850,Karan,51,Male,Bengaluru,2025-01-16
1851,Neha,51,Female,Ahmedabad,2025-05-02
1852,Amit,46,Male,Pune,2022-04-14
1853,Sneha,21,Female,Mumbai,2025-01-24
1854,Vikram,34,Female,Chennai,2025-12-17
1855,Rahul,52,Male,Kolkata,2025-05-06
1856,Karan,30,Male,Chennai,2024-10-21
1857,Rahul,58,Female,Chennai,2024-10-03
1858,Rohit,56,Female,Ahmedabad,2023-02-11
1859,Neha,32,Male,Hyderabad,2025-11-02
1860,Arjun,46,Male,Chennai,2022-06-16
1861,Simran,46,Female,Bengaluru,2023-05-24
1862,Arjun,28,Male,Hyderabad,2022-11-09
1863,Arjun,49,Female,Delhi,2025-12-12
1864,Meera,19,Female,Chennai,2024-02-02
1865,Aman,31,Male,Chennai,2023-11-12
1866,Arjun,37,Male,Delhi,2023-04-22
1867,Sneha,39,Male,Chennai,2022-03-14
1868,Priya,28,Male,Delhi,2025-03-10
1869,Aman,44,Male,Hyderabad,2023-08-05
1870,Rohit,20,Female,Bengaluru,2022-09-19
1871,Vikram,34,Female,Delhi,2025-09-25
1872,Karan,45,Male,Mumbai,2025-08-24
1873,Priya,46,Male,Ahmedabad,2022-09-02
1874,Pooja,38,Male,Ahmedabad,2025-09-22
1875,Anjali,33,Female,Delhi,2023-07-15
1876,Meera,54,Male,Ahmedabad,2025-01-04
1877,Priya,37,Male,Chennai,2022-06-24
1878,Amit,23,Female,Kolkata,2022-04-19
1879,Arjun,36,Female,Kolkata,2022-07-02
1880,Rohit,22,Male,Ahmedabad,2022-07-11
1881,Aditya,20,Male,Hyderabad,2022-03-06
1882,Anjali,18,Male,Pune,2024-08-20
1883,Rahul,55,Female,Hyderabad,2025-01-28
1884,Sneha,32,Male,Pune,2024-05-13
1885,Rahul,51,Male,Kolkata,2025-02-25
1886,Priya,52,Male,Kolkata,2023-01-04
1887,Vikram,42,Female,Delhi,2024-04-30
1888,Rahul,41,Female,Bengaluru,2022-02-12
1889,Amit,29,Male,Mumbai,2025-12-13
1890,Rohit,35,Male,Hyderabad,2023-05-03
1891,Pooja,32,Female,Chennai,2022-03-19
1892,Vikram,33,Female,Pune,2024-04-05
1893,Karan,44,Female,Ahmedabad,2025-07-17
1894,Sneha,25,Female,Chennai,2023-11-05
1895,Amit,42,Female,Bengaluru,2023-12-02
1896,Amit,34,Female,Pune,2024-01-29
1897,Rahul,46,Female,Hyderabad,2023-12-29
1898,Arjun,25,Female,Delhi,2025-08-31
1899,Rahul,32,Female,Chennai,2024-07-13
1900,Priya,44,Male,Bengaluru,2024-06-20
1901,Karan,24,Male,Hyderabad,2024-06-07
1902,Aman,20,Male,Kolkata,2024-09-19
1903,Vikram,46,Female,Kolkata,2025-04-06
1904,Rahul,41,Male,Hyderabad,2022-12-05
1905,Rohit,20,Female,Hyderabad,2022-07-12
1906,Aditya,37,Female,Hyderabad,2022-10-10
1907,Sneha,32,Male,Pune,2025-09-21
1908,Simran,42,Female,Hyderabad,2023-01-25
1909,Rahul,47,Male,Chennai,2024-09-26
1910,Rohit,31,Male,Bengaluru,2023-06-09
1911,Vikram,24,Male,Pune,2025-06-17
1912,Rohit,34,Female,Hyderabad,2023-10-21
1913,Sneha,37,Male,Mumbai,2023-12-17
1914,Aman,53,Female,Ahmedabad,2024-06-09
1915,Rohit,26,Male,Mumbai,2025-01-17
1916,Aditya,55,Male,Bengaluru,2025-01-23
1917,Rohit,39,Male,Kolkata,2023-03-28
1918,Rohit,19,Female,Unknown,2023-03-04
1919,Rohit,41,Female,Delhi,2025-03-20
1920,Pooja,25,Female,Ahmedabad,2025-10-31
1921,Pooja,28,Male,Kolkata,2024-11-11
1922,Aman,30,Male,Pune,2024-06-01
1923,Rahul,34,Female,Pune,2022-11-09
1924,Rohit,25,Female,Pune,2024-04-19
1925,Meera,38,Female,Delhi,2023-06-03
1926,Karan,35,Female,Mumbai,2025-05-14
1927,Meera,47,Female,Delhi,2023-01-10
1928,Rahul,35,Female,Chennai,2023-03-27
1929,Aman,48,Male,Hyderabad,2024-10-11
1930,Arjun,55,Female,Pune,2023-08-18
1931,Arjun,49,Male,Mumbai,2025-04-17
1932,Neha,28,Male,Bengaluru,2025-05-18
1933,Meera,42,Female,Ahmedabad,2023-05-15
1934,Rahul,50,Female,Bengaluru,2023-04-09
1935,Rahul,55,Male,Hyderabad,2025-02-21
1936,Anjali,58,Female,Mumbai,2022-04-23
1937,Priya,25,Female,Delhi,2024-11-01
1938,Simran,28,Male,Delhi,2025-02-23
1939,Vikram,39,Male,Chennai,2022-11-27
1940,Anjali,41,Male,Chennai,2025-07-30
1941,Aditya,58,Female,Delhi,2022-05-20
1942,Pooja,34,Male,Bengaluru,2025-11-25
1943,Pooja,29,Female,Ahmedabad,2024-06-20
1944,Priya,49,Male,Pune,2025-01-25
1945,Sneha,32,Male,Bengaluru,2023-06-01
1946,Sneha,33,Male,Ahmedabad,2023-07-23
1947,Aman,39,Female,Chennai,2024-04-25
1948,Amit,45,Female,Hyderabad,2024-12-28
1949,Priya,37,Male,Ahmedabad,2022-04-28
1950,Simran,50,Male,Unknown,2024-06-06
1951,Rahul,27,Male,Chennai,2024-12-18
1952,Sneha,57,Female,Chennai,2024-11-22
1953,Simran,49,Male,Pune,2025-09-03
1954,Rohit,50,Female,Delhi,2022-02-19
1955,Meera,19,Male,Pune,2022-01-19
1956,Meera,50,Male,Delhi,2023-12-27
1957,Amit,50,Male,Pune,2022-07-16
1958,Karan,58,Male,Ahmedabad,2023-07-13
1959,Rahul,30,Male,Bengaluru,2023-03-28
1960,Vikram,47,Male,Hyderabad,2022-10-16
1961,Vikram,50,Female,Hyderabad,2025-03-10
1962,Aditya,30,Male,Delhi,2025-01-12
1963,Vikram,43,Female,Mumbai,2023-01-26
1964,Rohit,39,Male,Kolkata,2022-08-03
1965,Rohit,56,Male,Chennai,2022-08-03
1966,Meera,19,Female,Chennai,2025-11-27
1967,Priya,55,Male,Delhi,2022-05-08
1968,Amit,56,Female,Ahmedabad,2024-01-30
1969,Aman,43,Female,Pune,2023-02-08
1970,Aditya,32,Male,Mumbai,2024-11-18
1971,Sneha,51,Female,Bengaluru,2022-12-04
1972,Simran,59,Female,Pune,2024-04-10
1973,Priya,57,Male,Pune,2023-12-15
1974,Sneha,28,Female,Delhi,2022-12-27
1975,Priya,20,Male,Delhi,2023-07-23
1976,Priya,23,Male,Ahmedabad,2025-11-16
1977,Priya,26,Male,Chennai,2022-08-06
1978,Meera,23,Male,Delhi,2022-07-21
1979,Vikram,26,Female,Delhi,2022-01-17
1980,Amit,56,Male,Delhi,2022-11-18
1981,Aman,48,Male,Ahmedabad,2023-06-02
1982,Vikram,49,Female,Chennai,2025-09-10
1983,Priya,58,Male,Bengaluru,2025-12-06
1984,Neha,29,Male,Bengaluru,2025-09-03
1985,Karan,25,Female,Kolkata,2023-11-12
1986,Sneha,25,Female,Kolkata,2025-01-10
1987,Rahul,45,Female,Unknown,2023-03-01
1988,Anjali,37,Female,Kolkata,2025-05-12
1989,Vikram,24,Female,Chennai,2024-10-15
1990,Simran,28,Female,Ahmedabad,2023-01-22
1991,Meera,37,Female,Bengaluru,2024-02-17
1992,Aditya,33,Male,Pune,2022-04-08
1993,Pooja,21,Female,Bengaluru,2025-09-30
1994,Aman,23,Female,Bengaluru,2022-07-27
1995,Rahul,39,Female,Chennai,2023-08-09
1996,Rohit,43,Male,Kolkata,2022-06-15
1997,Arjun,20,Male,Pune,2022-01-22
1998,Neha,58,Female,Chennai,2022-06-03
1999,Pooja,59,Female,Delhi,2025-08-11
2000,Anjali,31,Female,Ahmedabad,2022-08-07
